,Date,JNJ,RO.SW
0,2020-01-03,121.2183609,248.8349609
1,2020-01-06,121.0671387,248.9954224
2,2020-01-07,121.8064728,249.4766846
3,2020-01-08,121.7896729,249.7975769
4,2020-01-09,122.1509323,252.0436249
5,2020-01-10,121.8736801,253.8084717
6,2020-01-13,122.411377,252.3645172
7,2020-01-14,123.1003418,251.7227936
8,2020-01-15,123.512001,253.6480408
9,2020-01-16,124.5117645,253.4875793
10,2020-01-17,125.3267441,258.9423828
11,2020-01-21,125.4107208,260.7071838
12,2020-01-22,124.5537796,260.7071838
13,2020-01-23,124.7890472,258.9423828
14,2020-01-24,124.6126328,256.0545654
15,2020-01-27,124.9738998,252.3645172
16,2020-01-28,125.6039734,254.2897644
17,2020-01-29,126.4777603,257.9797668
18,2020-01-30,126.3265228,257.8193054
19,2020-01-31,125.0746994,256.6962891
20,2020-02-03,126.1669159,257.3380432
21,2020-02-04,127.3683853,260.2258606
22,2020-02-05,129.376297,267.7663574
23,2020-02-06,128.9898224,267.6058655
24,2020-02-07,127.6119919,268.2476196
25,2020-02-10,127.5867615,268.2476196
26,2020-02-11,127.6960297,268.7289124
27,2020-02-12,126.939827,267.4454346
28,2020-02-13,126.0996704,271.4563599
29,2020-02-14,126.133255,269.6915588
30,2020-02-18,125.3015137,272.5793762
31,2020-02-19,125.1334991,276.9111023
32,2020-02-20,124.6546097,273.2210999
33,2020-02-21,125.9652863,272.5793762
34,2020-02-24,123.3695374,263.9158936
35,2020-02-25,122.3041611,261.0280457
36,2020-02-26,121.484024,260.5467529
37,2020-02-27,117.6284485,253.8084717
38,2020-02-28,113.7052231,244.3427887
39,2020-03-02,118.3894424,248.5140686
40,2020-03-03,114.6437683,254.2897644
41,2020-03-04,121.314888,261.8302002
42,2020-03-05,120.0719986,261.0280457
43,2020-03-06,120.0889282,249.1558838
44,2020-03-09,115.3624725,233.4331512
45,2020-03-10,119.7591248,232.3101654
46,2020-03-11,111.43927,232.7914429
47,2020-03-12,106.0363846,214.5018158
48,2020-03-13,113.5446243,222.5235901
49,2020-03-16,107.4906921,230.5453033
50,2020-03-17,115.4893036,233.7540436
51,2020-03-18,114.1111145,228.6201324
52,2020-03-19,107.4230347,248.0031433
53,2020-03-20,101.3691559,235.4124756
54,2020-03-23,93.97086334,225.6381073
55,2020-03-24,100.7688217,235.7437897
56,2020-03-25,100.954834,240.8794708
57,2020-03-26,107.0171814,242.5361328
58,2020-03-27,104.1339798,244.3584747
59,2020-03-30,112.462326,252.1448364
60,2020-03-31,110.8727722,256.9491272
61,2020-04-01,108.9111786,260.2625122
62,2020-04-02,112.5807114,262.4161377
63,2020-04-03,113.4431305,263.7414856
64,2020-04-06,118.1695786,267.2204895
65,2020-04-07,116.2418137,260.759491
66,2020-04-08,121.1289139,256.9491272
67,2020-04-09,119.4124985,253.8014679
68,2020-04-14,123.4709625,259.7655029
69,2020-04-15,124.8491821,257.1148071
70,2020-04-16,126.5486526,263.9071655
71,2020-04-17,128.5356903,269.0428162
72,2020-04-20,128.2397156,275.1725159
73,2020-04-21,126.5571136,275.6694641
74,2020-04-22,129.3557892,281.4678345
75,2020-04-23,131.486496,284.7811584
76,2020-04-24,130.9369202,285.9408264
77,2020-04-27,130.4549713,286.6034851
78,2020-04-28,128.003006,290.2481689
79,2020-04-29,127.0306244,281.9648743
80,2020-04-30,126.8614883,278.1545105
81,2020-05-04,125.3649445,280.1425171
82,2020-05-05,126.4048996,282.9588928
83,2020-05-06,125.2042923,287.2661743
84,2020-05-07,124.7900009,283.9528198
85,2020-05-08,125.7284775,282.2961731
86,2020-05-11,126.0751648,286.4378052
87,2020-05-12,124.4094849,287.5975647
88,2020-05-13,124.4010315,288.5915222
89,2020-05-14,124.8322601,286.769165
90,2020-05-15,127.1997223,291.7391663
91,2020-05-18,127.267334,289.2541504
92,2020-05-19,125.999054,287.4318848
93,2020-05-20,124.866066,287.1005554
94,2020-05-22,122.9135971,286.2721558
95,2020-05-26,123.0753326,283.1244812
96,2020-05-27,123.3563156,275.1725159
97,2020-05-28,125.1271896,281.9648743
98,2020-05-29,126.6426392,277.4918213
99,2020-06-02,126.2169495,277.9888306
100,2020-06-03,126.5574875,279.6454773
101,2020-06-04,124.9228363,274.0128479
102,2020-06-05,125.4081192,274.5098267
103,2020-06-08,124.9569092,271.0308228
104,2020-06-09,124.2672958,273.847168
105,2020-06-10,125.8338089,273.1845093
106,2020-06-11,119.9337463,268.5458679
107,2020-06-12,121.0235367,269.2084961
108,2020-06-15,120.2572784,270.2024841
109,2020-06-16,122.9902496,272.1905212
110,2020-06-17,122.6156235,279.4797974
111,2020-06-18,122.0962753,276.994812
112,2020-06-19,122.4538345,282.9588928
113,2020-06-22,122.0792618,279.9768372
114,2020-06-23,121.6280289,281.1364746
115,2020-06-24,119.0398483,272.6875
116,2020-06-25,118.9121323,276.1665039
117,2020-06-26,117.3285599,272.8531494
118,2020-06-29,118.3757401,272.3561401
119,2020-06-30,119.7294769,269.2084961
120,2020-07-01,119.5165634,273.5158691
121,2020-07-02,120.0189056,272.5218201
122,2020-07-06,121.7301712,273.0188599
123,2020-07-07,121.6195297,272.1905212
124,2020-07-08,121.9770889,271.8591309
125,2020-07-09,121.3130112,273.1845093
126,2020-07-10,121.2108459,272.5218201
127,2020-07-13,123.6287689,276.1665039
128,2020-07-14,125.9359894,271.3621521
129,2020-07-15,126.2254715,278.9828186
130,2020-07-16,127.0683594,278.3201599
131,2020-07-17,127.1534653,279.9768372
132,2020-07-20,127.3663406,280.9708557
133,2020-07-21,127.4855347,278.8171997
134,2020-07-22,127.7153702,277.1605225
135,2020-07-23,127.3748093,269.3742065
136,2020-07-24,126.1063004,262.5818176
137,2020-07-27,125.3059616,264.5698242
138,2020-07-28,125.0079956,268.7114563
139,2020-07-29,124.7611008,269.539856
140,2020-07-30,125.0165024,264.5698242
141,2020-07-31,124.0970154,260.0968323
142,2020-08-03,125.4507141,267.0548401
143,2020-08-04,125.3400116,265.3981628
144,2020-08-05,126.3446426,262.0847778
145,2020-08-06,125.6210327,260.9251709
146,2020-08-07,126.5149384,260.9251709
147,2020-08-10,126.0296173,260.4281616
148,2020-08-11,125.1271896,260.0968323
149,2020-08-12,127.4173508,263.2444763
150,2020-08-13,126.004097,263.0787964
151,2020-08-14,126.2084503,257.6118164
152,2020-08-17,126.8469772,262.4161377
153,2020-08-18,127.783493,261.4221497
154,2020-08-19,128.0389099,267.7174988
155,2020-08-20,128.9158325,267.5518494
156,2020-08-21,130.0566559,265.3981628
157,2020-08-24,130.3994904,265.5638428
158,2020-08-25,130.3223572,264.2384949
159,2020-08-26,130.5280914,267.0548401
160,2020-08-27,131.1108704,262.9131775
161,2020-08-28,131.6765137,260.4281616
162,2020-08-31,131.4793701,262.0847778
163,2020-09-01,129.8595428,263.5758057
164,2020-09-02,131.8393097,272.3561401
165,2020-09-03,128.1711578,265.5638428
166,2020-09-04,127.3484192,263.0787964
167,2020-09-08,126.2085419,267.8831482
168,2020-09-09,128.2997437,272.3561401
169,2020-09-10,125.9086075,270.8651428
170,2020-09-11,126.654213,272.8531494
171,2020-09-14,127.142746,272.8531494
172,2020-09-15,127.6055603,276.6634827
173,2020-09-16,127.1855927,277.1605225
174,2020-09-17,126.1313934,277.8231812
175,2020-09-18,127.8540344,282.6275024
176,2020-09-21,124.3573303,277.8231812
177,2020-09-22,123.5945511,279.9768372
178,2020-09-23,123.7916641,277.1605225
179,2020-09-24,123.9887772,273.6815186
180,2020-09-25,124.837265,274.0128479
181,2020-09-28,126.0799866,271.1964722
182,2020-09-29,126.0371323,266.7235107
183,2020-09-30,127.5969543,261.9191895
184,2020-10-01,126.2599792,262.0847778
185,2020-10-02,125.3343353,263.9071655
186,2020-10-05,127.0398636,265.3981628
187,2020-10-06,125.3515015,263.4101563
188,2020-10-07,126.7399063,260.5938416
189,2020-10-08,127.6055603,262.2504883
190,2020-10-09,129.3881683,266.0608215
191,2020-10-12,130.1338043,266.3921509
192,2020-10-13,127.1512833,265.066803
193,2020-10-14,126.9284973,263.5758057
194,2020-10-15,126.1485214,255.1268463
195,2020-10-16,126.9284973,257.446106
196,2020-10-19,123.6888046,256.9491272
197,2020-10-20,123.8859406,253.9671631
198,2020-10-21,123.354599,248.9971313
199,2020-10-22,124.3401718,247.1748199
200,2020-10-23,124.4773102,247.8374786
201,2020-10-26,123.3888474,249.162796
202,2020-10-27,122.6860733,250.1567841
203,2020-10-28,118.5808411,244.6898041
204,2020-10-29,117.5780869,245.0211029
205,2020-10-30,117.509552,244.5241241
206,2020-11-02,118.8636551,251.8134918
207,2020-11-03,118.7008209,254.2984772
208,2020-11-04,119.4721603,267.2204895
209,2020-11-05,119.7806854,264.901123
210,2020-11-06,121.9147415,264.901123
211,2020-11-09,125.1972351,258.2744446
212,2020-11-10,127.0827026,254.2984772
213,2020-11-11,126.6713715,259.599823
214,2020-11-12,127.0998459,261.0908203
215,2020-11-13,128.4711151,260.9251709
216,2020-11-16,129.2853546,259.7655029
217,2020-11-17,127.9997787,256.9491272
218,2020-11-18,126.3028107,256.286499
219,2020-11-19,126.1056671,254.2984772
220,2020-11-20,125.4371796,254.4641418
221,2020-11-23,124.1599731,251.9791718
222,2020-11-24,124.1599731,249.82547
223,2020-11-25,123.9959946,250.4881744
224,2020-11-27,124.2721786,251.3164673
225,2020-11-30,124.8590012,249.82547
226,2020-12-01,127.2494888,250.3224792
227,2020-12-02,127.8449707,252.3105011
228,2020-12-03,128.5871582,249.4941864
229,2020-12-04,129.6831665,251.4821625
230,2020-12-07,128.5612793,252.8074799
231,2020-12-08,130.787796,253.1388245
232,2020-12-09,132.125473,255.1268463
233,2020-12-10,131.3918915,255.2924957
234,2020-12-11,131.9960022,253.4701538
235,2020-12-14,128.647522,253.3044891
236,2020-12-15,129.9420624,251.6477661
237,2020-12-16,129.165329,255.2924957
238,2020-12-17,132.5742188,256.7834778
239,2020-12-18,133.3422546,257.446106
240,2020-12-21,132.0563812,252.9731445
241,2020-12-22,131.7975311,252.1448364
242,2020-12-23,131.1243896,249.82547
243,2020-12-28,132.203125,252.9731445
244,2020-12-29,133.0229797,254.9611511
245,2020-12-30,134.6712952,256.7834778
246,2021-01-04,135.0596924,258.2744446
247,2021-01-05,136.6475677,255.6238251
248,2021-01-06,137.9334259,253.8014679
249,2021-01-07,138.3994598,251.8134918
250,2021-01-08,138.1147003,254.4641418
251,2021-01-11,137.5364227,263.4101563
252,2021-01-12,136.4663239,263.7414856
253,2021-01-13,136.2592316,262.2504883
254,2021-01-14,138.641098,263.2444763
255,2021-01-15,138.3390808,268.0488586
256,2021-01-19,140.4792938,269.3742065
257,2021-01-20,140.1340942,269.8711548
258,2021-01-21,139.5731354,267.7174988
259,2021-01-22,141.1437988,269.539856
260,2021-01-25,143.2408905,272.3561401
261,2021-01-26,147.1244354,273.0188599
262,2021-01-27,144.8806,270.5338135
263,2021-01-28,145.9852295,268.7114563
264,2021-01-29,140.7813263,260.0968323
265,2021-02-01,140.4188995,264.0728149
266,2021-02-02,139.1589203,262.9131775
267,2021-02-03,138.5116577,261.7535095
268,2021-02-04,139.7975769,267.3861694
269,2021-02-05,141.9205322,262.7475281
270,2021-02-08,142.3261414,262.7475281
271,2021-02-09,143.4911652,264.7355042
272,2021-02-10,143.9571838,265.3981628
273,2021-02-11,143.3099823,266.3921509
274,2021-02-12,143.758728,267.8831482
275,2021-02-16,142.4555664,265.3981628
276,2021-02-17,142.9647675,261.7535095
277,2021-02-18,143.0337982,260.759491
278,2021-02-19,140.651886,256.9491272
279,2021-02-22,140.5650635,257.7774963
280,2021-02-23,139.3232574,255.1268463
281,2021-02-24,141.1902924,258.1088257
282,2021-02-25,141.3379059,252.9731445
283,2021-02-26,137.6039124,251.6477661
284,2021-03-01,138.3506775,254.7954865
285,2021-03-02,138.0901642,256.9491272
286,2021-03-03,135.6587067,254.9611511
287,2021-03-04,132.9233398,259.7655029
288,2021-03-05,135.5544891,255.2924957
289,2021-03-08,136.6833801,258.9371643
290,2021-03-09,136.943924,262.7475281
291,2021-03-10,138.203064,269.0428162
292,2021-03-11,138.1944122,264.5698242
293,2021-03-12,138.5938263,262.4161377
294,2021-03-15,139.3059235,268.0488586
295,2021-03-16,140.1308746,267.5518494
296,2021-03-17,139.6098328,266.0608215
297,2021-03-18,139.3493347,267.8510742
298,2021-03-19,138.9759369,269.7265015
299,2021-03-22,139.3753967,276.375946
300,2021-03-23,139.2451324,271.9429626
301,2021-03-24,140.599823,268.1920471
302,2021-03-25,140.651886,269.7265015
303,2021-03-26,143.2222748,271.0904846
304,2021-03-29,144.1862183,271.7724609
305,2021-03-30,143.2917938,272.1134949
306,2021-03-31,142.7187042,275.3529358
307,2021-04-01,141.3987274,274.5004272
308,2021-04-06,141.8850098,275.6939087
309,2021-04-07,142.0760193,271.0904846
310,2021-04-08,141.5203094,275.1824341
311,2021-04-09,140.0266876,277.569397
312,2021-04-12,140.365387,274.8414307
313,2021-04-13,138.489624,273.6479187
314,2021-04-14,138.8717194,277.0579224
315,2021-04-15,139.2798615,277.9104004
316,2021-04-16,140.8863678,275.5234375
317,2021-04-19,141.2771606,278.2513733
318,2021-04-20,144.5683136,276.8873901
319,2021-04-21,144.6638184,287.4582214
320,2021-04-22,143.4394073,283.366272
321,2021-04-23,143.7346802,280.1268616
322,2021-04-26,142.5189362,276.7169189
323,2021-04-27,141.702652,275.1824341
324,2021-04-28,140.6605682,271.2610168
325,2021-04-29,142.5883942,271.6019897
326,2021-04-30,141.3118439,270.4085388
327,2021-05-03,143.4654388,272.6249695
328,2021-05-04,145.6885223,269.5560608
329,2021-05-05,145.080658,272.6249695
330,2021-05-06,145.6624756,272.7954407
331,2021-05-07,146.3224945,274.3299255
332,2021-05-10,147.8595428,273.3069763
333,2021-05-11,146.6524506,270.0675049
334,2021-05-12,146.0619507,274.5004272
335,2021-05-14,147.8160553,277.9104004
336,2021-05-17,147.9636993,281.1498413
337,2021-05-18,148.0157928,281.4908447
338,2021-05-19,147.6944885,281.4908447
339,2021-05-20,148.554184,285.0712585
340,2021-05-21,148.4586792,286.9467468
341,2021-05-25,148.6159515,288.6517029
342,2021-05-26,147.7334137,290.1861877
343,2021-05-27,147.5061951,289.3336792
344,2021-05-28,147.890686,290.0157166
345,2021-06-01,144.6401367,286.9467468
346,2021-06-02,145.2256012,286.6057434
347,2021-06-03,145.0857849,288.8222046
348,2021-06-04,145.0246277,292.0616455
349,2021-06-07,144.0372009,296.3240662
350,2021-06-08,142.7702179,298.1995239
351,2021-06-09,144.6925812,307.9178772
352,2021-06-10,145.9945221,309.9638672
353,2021-06-11,144.1421051,311.3278503
354,2021-06-14,144.500351,311.839325
355,2021-06-15,143.7314148,313.544281
356,2021-06-16,143.6789856,316.9542542
357,2021-06-17,144.369278,319.3411865
358,2021-06-18,141.538147,315.0787354
359,2021-06-21,143.1634521,318.8296814
360,2021-06-22,142.9711914,317.9772339
361,2021-06-23,142.1061707,314.3967896
362,2021-06-24,142.7527618,317.1247559
363,2021-06-25,143.4867401,319.5116577
364,2021-06-28,143.3207245,321.0461731
365,2021-06-29,143.329483,321.8986816
366,2021-06-30,143.9498444,320.3641357
367,2021-07-01,145.0158844,322.9216309
368,2021-07-02,147.6547699,323.6036377
369,2021-07-06,146.7722321,324.7971191
370,2021-07-07,148.0305176,327.8660583
371,2021-07-08,147.7421722,325.9906006
372,2021-07-09,148.3275909,325.138092
373,2021-07-12,148.0916748,328.5480042
374,2021-07-13,147.9081573,328.377533
375,2021-07-14,148.9130096,328.8890076
376,2021-07-15,147.1217346,328.7185364
377,2021-07-16,146.8858185,334.174408
378,2021-07-19,145.8197937,331.7875366
379,2021-07-20,147.1916656,333.1514587
380,2021-07-21,148.1004181,333.6629333
381,2021-07-22,148.5285492,323.2626343
382,2021-07-23,150.1101379,329.9119873
383,2021-07-26,150.1800537,325.4790649
384,2021-07-27,150.8703918,330.0825195
385,2021-07-28,150.4509125,332.2989807
386,2021-07-29,150.4509125,331.1054993
387,2021-07-30,150.4684143,331.6170044
388,2021-08-02,150.5295868,332.9810181
389,2021-08-03,152.3820343,336.3909302
390,2021-08-04,151.4820099,336.5614014
391,2021-08-05,151.77034,337.5844116
392,2021-08-06,151.2636108,331.4465027
393,2021-08-09,151.7878571,340.8238525
394,2021-08-10,151.8402863,343.0402832
395,2021-08-11,151.8664703,343.2107849
396,2021-08-12,153.0897827,346.2797852
397,2021-08-13,154.0072632,346.2797852
398,2021-08-16,155.396637,349.0076599
399,2021-08-17,156.8209534,350.3717041
400,2021-08-18,154.8286896,352.2471619
401,2021-08-19,156.0345154,349.6896973
402,2021-08-20,156.7947083,346.2797852
403,2021-08-23,156.1178894,347.814209
404,2021-08-24,154.1665039,345.5977783
405,2021-08-25,153.1468964,342.5288086
406,2021-08-26,152.3294373,346.9617004
407,2021-08-27,152.0041504,348.666687
408,2021-08-30,152.645874,350.2011719
409,2021-08-31,152.1799927,349.5191956
410,2021-09-01,152.7161865,350.2011719
411,2021-09-02,153.762207,348.3257446
412,2021-09-03,153.8588715,345.7682495
413,2021-09-07,151.4680481,345.2567749
414,2021-09-08,151.0988312,345.4273071
415,2021-09-09,147.7322998,336.0499268
416,2021-09-10,146.7653961,332.2989807
417,2021-09-13,145.7369843,330.0825195
418,2021-09-14,144.8579865,335.026947
419,2021-09-15,145.4029541,333.6629333
420,2021-09-16,145.2271423,335.3678894
421,2021-09-17,144.8140411,325.8200989
422,2021-09-20,143.9877777,328.0365601
423,2021-09-21,144.6206818,327.6955872
424,2021-09-22,144.0932312,327.5250549
425,2021-09-23,144.9107361,329.9119873
426,2021-09-24,144.4712219,326.5020752
427,2021-09-27,143.4252167,325.9906006
428,2021-09-28,143.1088257,321.0461731
429,2021-09-29,144.1723633,323.7741394
430,2021-09-30,141.9572906,327.6955872
431,2021-10-01,141.0519562,328.2070618
432,2021-10-04,139.9532471,331.7875366
433,2021-10-05,140.2696381,326.8430786
434,2021-10-06,140.5597229,328.5480042
435,2021-10-07,141.8166962,332.6400146
436,2021-10-08,141.4562836,336.5614014
437,2021-10-11,140.8585663,335.5384521
438,2021-10-12,138.6083374,335.026947
439,2021-10-13,139.9356384,334.174408
440,2021-10-14,140.7354889,334.3449402
441,2021-10-15,141.7815094,337.5844116
442,2021-10-18,140.7443085,339.8008728
443,2021-10-19,144.0405273,334.0039368
444,2021-10-20,143.961441,329.7415161
445,2021-10-21,143.6273804,336.2203979
446,2021-10-22,143.9087067,334.6859436
447,2021-10-25,144.2251434,335.5384521
448,2021-10-26,145.6930695,335.026947
449,2021-10-27,143.9262695,332.1285095
450,2021-10-28,143.1439667,336.0499268
451,2021-10-29,143.1703186,335.026947
452,2021-11-01,143.2933807,337.072876
453,2021-11-02,145.5523834,349.0076599
454,2021-11-03,145.0865326,350.7126465
455,2021-11-04,144.6821747,358.0440369
456,2021-11-05,143.6537933,349.1782227
457,2021-11-08,143.1615601,351.3946838
458,2021-11-09,142.8450928,345.4273071
459,2021-11-10,144.3921356,347.3027344
460,2021-11-11,143.328537,340.9943237
461,2021-11-12,145.0426025,345.5977783
462,2021-11-15,143.7328644,342.017334
463,2021-11-16,142.985733,339.1188354
464,2021-11-17,143.5219116,339.1188354
465,2021-11-18,142.7484283,336.9024048
466,2021-11-19,143.1790924,338.7778931
467,2021-11-22,141.294632,333.6629333
468,2021-11-23,142.1704559,326.8430786
469,2021-11-24,141.7723694,331.1054993
470,2021-11-26,140.8522186,326.6726074
471,2021-11-29,141.3388367,326.5020752
472,2021-11-30,137.9590759,325.6495667
473,2021-12-01,139.8612976,329.4004822
474,2021-12-02,138.9853973,329.0595093
475,2021-12-03,141.0114746,331.7875366
476,2021-12-06,144.1611938,334.5154419
477,2021-12-07,144.5328064,342.5288086
478,2021-12-08,145.3998413,345.0862732
479,2021-12-09,146.7800446,345.2567749
480,2021-12-10,146.4172668,343.72229
481,2021-12-13,149.0361481,345.9387512
482,2021-12-14,150.6640778,337.072876
483,2021-12-15,151.4161377,340.3123779
484,2021-12-16,153.0706177,346.9617004
485,2021-12-17,148.8414764,343.8927612
486,2021-12-20,148.4168549,342.8697815
487,2021-12-21,147.9390717,345.5977783
488,2021-12-22,148.5760651,346.4502563
489,2021-12-23,148.8592224,345.0862732
490,2021-12-27,150.1155396,351.3946838
491,2021-12-28,150.7171783,352.9291382
492,2021-12-29,151.7789001,350.0307007
493,2021-12-30,152.4512787,348.4961853
494,2022-01-03,151.7700043,346.4502563
495,2022-01-04,151.3630676,341.6763306
496,2022-01-05,152.3716431,344.5747986
497,2022-01-06,151.8496857,343.5517883
498,2022-01-07,153.9022827,344.5747986
499,2022-01-10,153.1414185,341.8468323
500,2022-01-11,151.5134583,345.4273071
501,2022-01-12,150.2217102,338.7778931
502,2022-01-13,149.3103943,336.5614014
503,2022-01-14,148.4964752,337.7548828
504,2022-01-18,147.8417358,334.8564148
505,2022-01-19,147.3817139,335.3678894
506,2022-01-20,146.2049561,332.4694824
507,2022-01-21,145.8687286,330.7645264
508,2022-01-24,144.1877289,315.5902405
509,2022-01-25,148.3106842,317.4657288
510,2022-01-26,148.9742126,317.636261
511,2022-01-27,150.9295502,321.5576477
512,2022-01-28,151.9912415,322.4101563
513,2022-01-31,152.4335938,323.9446411
514,2022-02-01,151.1861267,327.5250549
515,2022-02-02,152.8582611,327.0135803
516,2022-02-03,152.8494263,316.1017456
517,2022-02-04,151.8496857,312.5213013
518,2022-02-07,151.3453369,313.2033081
519,2022-02-08,151.7434845,314.0557861
520,2022-02-09,151.7257996,321.7281189
521,2022-02-10,149.8943787,328.5480042
522,2022-02-11,148.3814697,322.5806274
523,2022-02-14,146.5146332,316.6132507
524,2022-02-15,148.0275574,321.7281189
525,2022-02-16,147.9390717,323.7741394
526,2022-02-17,147.0366364,318.8296814
527,2022-02-18,145.4605713,317.1247559
528,2022-02-22,143.4838257,321.7281189
529,2022-02-23,143.5550232,321.5576477
530,2022-02-24,140.8125,318.8296814
531,2022-02-25,147.8112793,331.6170044
532,2022-02-28,146.5380096,327.6955872
533,2022-03-01,146.0304413,326.5020752
534,2022-03-02,147.8469086,322.0691223
535,2022-03-03,150.0195618,313.544281
536,2022-03-04,150.9100189,310.1343689
537,2022-03-07,153.3408661,309.7933655
538,2022-03-08,150.2332458,314.3967896
539,2022-03-09,150.8031616,324.1151123
540,2022-03-10,151.0702515,322.4101563
541,2022-03-11,150.7942352,326.3315735
542,2022-03-14,152.8778381,331.7875366
543,2022-03-15,156.8402557,336.3909302
544,2022-03-16,155.3977203,335.1974182
545,2022-03-17,157.4279022,343.317627
546,2022-03-18,155.6826935,345.9370117
547,2022-03-21,156.5641937,343.6668396
548,2022-03-22,155.8251495,343.8414917
549,2022-03-23,155.2374878,344.0161133
550,2022-03-24,156.0389099,353.620636
551,2022-03-25,157.53479,353.0967712
552,2022-03-28,158.3450623,355.1922913
553,2022-03-29,158.2649536,360.780365
554,2022-03-30,159.9122467,359.0340881
555,2022-03-31,157.8108063,353.620636
556,2022-04-01,158.6656342,359.5579529
557,2022-04-04,157.134079,368.8132324
558,2022-04-05,158.1492004,371.7818909
559,2022-04-06,162.26297,375.0997925
560,2022-04-07,161.8444672,374.2266541
561,2022-04-08,162.1649933,378.0684814
562,2022-04-11,160.1348419,378.0684814
563,2022-04-12,160.1882477,366.3684387
564,2022-04-13,160.8650055,371.2579956
565,2022-04-14,160.1882477,370.5594482
566,2022-04-19,163.0198822,357.4624329
567,2022-04-20,163.7410736,353.2713928
568,2022-04-21,163.2691498,343.8414917
569,2022-04-22,161.6485901,347.508667
570,2022-04-25,165.6287994,342.9683533
571,2022-04-26,164.4445038,334.4116211
572,2022-04-27,162.1472321,342.2698364
573,2022-04-28,163.3582001,342.6190796
574,2022-04-29,160.6869354,342.9683533
575,2022-05-02,159.06633,338.6026611
576,2022-05-03,158.7546692,339.4757996
577,2022-05-04,160.4553528,333.8877258
578,2022-05-05,157.3922882,331.2683105
579,2022-05-06,157.0450745,330.5698242
580,2022-05-09,157.8998566,326.7280273
581,2022-05-10,157.6861572,332.6653137
582,2022-05-11,156.8313599,315.0279236
583,2022-05-12,158.3807068,308.2174988
584,2022-05-13,157.4724731,305.4234009
585,2022-05-16,158.5677032,312.4085693
586,2022-05-17,159.2266083,313.6309204
587,2022-05-18,156.2703705,313.8055725
588,2022-05-19,154.8813171,309.4398804
589,2022-05-20,157.5882263,314.3294373
590,2022-05-23,160.8053894,315.9010925
591,2022-05-24,162.5618286,328.125
592,2022-05-25,160.9667053,329.8712769
593,2022-05-27,162.2840118,327.6011353
594,2022-05-31,160.8860474,327.0772705
595,2022-06-01,159.2550507,324.2832031
596,2022-06-02,158.7532043,323.4100647
597,2022-06-03,158.098999,323.060791
598,2022-06-07,159.8196259,319.2190247
599,2022-06-08,158.8697052,319.7429199
600,2022-06-09,155.6704712,316.4249878
601,2022-06-10,154.6309204,315.7264709
602,2022-06-13,153.0716095,310.3129883
603,2022-06-14,150.7236938,305.5980835
604,2022-06-15,152.3367767,305.9473267
605,2022-06-16,152.4174042,302.4547424
606,2022-06-17,151.8618011,302.2801819
607,2022-06-21,155.0431519,299.486084
608,2022-06-22,157.4896393,302.629425
609,2022-06-23,161.0025482,303.6771545
610,2022-06-24,163.3594208,315.9010925
611,2022-06-27,163.2070618,322.3623047
612,2022-06-28,158.5650177,319.0443726
613,2022-06-29,158.6098328,322.7115784
614,2022-06-30,159.0758057,321.6638184
615,2022-07-01,160.8770905,324.8070984
616,2022-07-05,159.6404114,323.5846863
617,2022-07-06,159.783783,328.2996521
618,2022-07-07,159.963028,335.6340027
619,2022-07-08,159.7658539,331.0937195
620,2022-07-11,159.8286285,333.7131042
621,2022-07-12,157.5882263,336.1578674
622,2022-07-13,157.2207947,335.2847595
623,2022-07-14,157.4358673,336.1578674
624,2022-07-15,159.7210388,345.0638733
625,2022-07-18,156.1364136,344.3653564
626,2022-07-19,153.8602142,344.8892822
627,2022-07-20,152.9820099,343.8414917
628,2022-07-21,153.5196838,344.1907654
629,2022-07-22,154.2455597,344.5400085
630,2022-07-25,154.5502625,345.7623901
631,2022-07-26,155.6435699,350.1281128
632,2022-07-27,155.2134247,344.1907654
633,2022-07-28,156.1095734,342.2698364
634,2022-07-29,156.3963318,338.0787964
635,2022-08-02,154.9624634,341.0474548
636,2022-08-03,156.4590454,342.7937317
637,2022-08-04,153.9498444,340.5235901
638,2022-08-05,153.3404694,342.0951843
639,2022-08-08,152.5249481,340.6982117
640,2022-08-09,152.5070343,343.317627
641,2022-08-10,152.9461517,339.6504211
642,2022-08-11,149.7827454,336.1578674
643,2022-08-12,148.1338196,336.5071106
644,2022-08-15,148.8417511,338.9519348
645,2022-08-16,150.1680908,336.1578674
646,2022-08-17,150.1770477,330.5698242
647,2022-08-18,149.4511719,331.7921753
648,2022-08-19,151.7273865,335.4593811
649,2022-08-22,151.1951141,336.3325195
650,2022-08-23,149.8779297,331.7921753
651,2022-08-24,149.3817444,333.189209
652,2022-08-25,150.7800903,330.7444153
653,2022-08-26,148.1999207,330.2205505
654,2022-08-29,147.0541077,327.2518311
655,2022-08-30,146.5398865,325.3309937
656,2022-08-31,145.5565186,326.7280273
657,2022-09-01,149.1652069,324.9817505
658,2022-09-02,146.8195801,330.9190674
659,2022-09-06,147.2165222,339.6504211
660,2022-09-07,148.0194702,336.3325195
661,2022-09-08,149.2103119,338.7772827
662,2022-09-09,149.4990234,339.4757996
663,2022-09-12,149.4358826,336.3325195
664,2022-09-13,145.5475311,336.1578674
665,2022-09-14,148.5517731,338.4280396
666,2022-09-15,148.9306335,343.8414917
667,2022-09-16,151.2041321,340.5235901
668,2022-09-19,150.0132599,338.6026611
669,2022-09-20,148.8314209,334.5862732
670,2022-09-21,147.3067322,330.045929
671,2022-09-22,149.9230347,325.3309937
672,2022-09-23,150.4102173,323.2354431
673,2022-09-26,149.4899902,316.0757446
674,2022-09-27,148.8043365,327.7757568
675,2022-09-28,150.0854492,340.8728638
676,2022-09-29,148.4344177,337.5549011
677,2022-09-30,147.3789063,338.6026611
678,2022-10-03,147.2345276,337.205658
679,2022-10-04,149.4178009,346.2862854
680,2022-10-05,148.9577179,343.317627
681,2022-10-06,146.0707703,343.6668396
682,2022-10-07,144.5280304,340.6982117
683,2022-10-10,144.7174988,337.5549011
684,2022-10-11,146.8105164,341.0474548
685,2022-10-12,146.7744598,341.7459412
686,2022-10-13,148.9937744,338.7772827
687,2022-10-14,148.3713074,341.2220764
688,2022-10-17,150.2929382,344.0161133
689,2022-10-18,149.7696838,347.508667
690,2022-10-19,148.5787964,342.2698364
691,2022-10-20,148.9577179,343.4922485
692,2022-10-21,152.2055511,344.1907654
693,2022-10-24,154.2534637,348.556427
694,2022-10-25,154.0098724,353.620636
695,2022-10-26,155.3631287,353.2713928
696,2022-10-27,155.4533234,346.635498
697,2022-10-28,157.7628937,351.1758728
698,2022-10-31,156.951004,354.668396
699,2022-11-01,156.157074,352.572876
700,2022-11-02,153.7572784,354.8430176
701,2022-11-03,154.0189056,349.9534302
702,2022-11-04,154.7045441,347.3340149
703,2022-11-07,156.0578156,347.8579102
704,2022-11-08,156.8336792,341.5713501
705,2022-11-09,155.5796814,347.8579102
706,2022-11-10,157.4020538,348.7310486
707,2022-11-11,152.6927032,343.317627
708,2022-11-14,155.0924835,326.3787537
709,2022-11-15,155.5255432,328.4742737
710,2022-11-16,156.49086,324.6324463
711,2022-11-17,157.753891,319.0443726
712,2022-11-18,158.9627991,318.5204773
713,2022-11-21,159.7799988,320.6160278
714,2022-11-22,160.5517883,317.4727783
715,2022-11-23,160.7243195,320.6160278
716,2022-11-25,160.9331665,324.9817505
717,2022-11-28,161.0148926,327.0772705
718,2022-11-29,159.8889618,325.5055847
719,2022-11-30,161.6232452,330.3951721
720,2022-12-01,162.2951355,328.125
721,2022-12-02,162.4222565,328.8235168
722,2022-12-05,162.3314972,330.7444153
723,2022-12-06,159.898056,327.6011353
724,2022-12-07,160.8695984,319.7429199
725,2022-12-08,160.8968353,324.2832031
726,2022-12-09,159.571167,327.6011353
727,2022-12-12,161.4779663,325.1563416
728,2022-12-13,162.7219391,326.7280273
729,2022-12-14,163.221283,327.9503784
730,2022-12-15,161.1601563,323.7593079
731,2022-12-16,159.5075989,322.8861694
732,2022-12-19,159.335083,322.0130615
733,2022-12-20,159.5075989,315.9010925
734,2022-12-21,161.3326874,320.6160278
735,2022-12-22,160.7424774,320.0921631
736,2022-12-23,161.1510468,320.2667847
737,2022-12-27,161.1056976,317.1235046
738,2022-12-28,160.4065399,316.4249878
739,2022-12-29,161.2237091,317.2981262
740,2022-12-30,160.3974457,312.9324341
741,2023-01-03,161.7957611,316.2503662
742,2023-01-04,163.5572662,316.0757446
743,2023-01-05,162.3496704,309.4398804
744,2023-01-06,163.6662292,311.710022
745,2023-01-09,159.4258881,308.741333
746,2023-01-10,159.0445557,308.3921204
747,2023-01-11,158.7903137,302.9786682
748,2023-01-12,157.9912567,302.2801819
749,2023-01-13,157.4736786,303.8517761
750,2023-01-17,156.5021362,308.0428467
751,2023-01-18,154.1413727,310.1383972
752,2023-01-19,153.9325104,306.1219788
753,2023-01-20,153.21521,303.8517761
754,2023-01-23,152.8247681,305.2488098
755,2023-01-24,152.8247681,304.2010498
756,2023-01-25,153.9143372,299.3114624
757,2023-01-26,153.3514099,299.486084
758,2023-01-27,152.7521057,298.7875977
759,2023-01-30,147.0953217,297.7398376
760,2023-01-31,148.3846741,291.8025208
761,2023-02-01,149.7466431,285.5158997
762,2023-02-02,150.3096161,278.1815796
763,2023-02-03,149.4651794,285.6905518
764,2023-02-06,148.3301697,286.5636597
765,2023-02-07,148.3665161,286.3890686
766,2023-02-08,148.5571747,287.7861023
767,2023-02-09,146.5505066,290.230835
768,2023-02-10,147.2314911,268.0531311
769,2023-02-13,147.7763214,264.2113647
770,2023-02-14,147.1316223,263.8621216
771,2023-02-15,144.7072906,260.1949463
772,2023-02-16,143.6812592,256.3531189
773,2023-02-17,146.6809082,258.0993958
774,2023-02-21,144.4951782,261.4172974
775,2023-02-22,144.2939758,260.8934631
776,2023-02-23,144.24823,258.0993958
777,2023-02-24,142.6387177,255.8292236
778,2023-02-27,142.3277588,253.2098389
779,2023-02-28,140.1603088,254.2576141
780,2023-03-01,139.5293121,253.2098389
781,2023-03-02,139.4195404,255.4799957
782,2023-03-03,140.8553619,252.8605804
783,2023-03-06,142.2637177,250.4157715
784,2023-03-07,140.9193726,248.494873
785,2023-03-08,139.8860016,246.5740051
786,2023-03-09,138.312973,245.5262299
787,2023-03-10,138.6513519,245.1769714
788,2023-03-13,139.9774017,244.4784393
789,2023-03-14,140.7638855,246.3993835
790,2023-03-15,141.1571808,245.7008667
791,2023-03-16,140.8644867,253.7432861
792,2023-03-17,139.3555298,255.1891327
793,2023-03-20,140.7364502,255.0084076
794,2023-03-21,140.7364502,255.3698578
795,2023-03-22,138.1391907,257.3578491
796,2023-03-23,138.2123718,251.3938141
797,2023-03-24,139.6024475,250.3094482
798,2023-03-27,140.1968689,245.6104889
799,2023-03-28,138.8434143,242.1766357
800,2023-03-29,140.2060394,244.526123
801,2023-03-30,140.3157654,246.8755798
802,2023-03-31,141.7516022,248.5021362
803,2023-04-03,143.4434814,247.5984955
804,2023-04-04,144.9432983,247.2370453
805,2023-04-05,151.4547272,257.3578491
806,2023-04-06,151.0339966,263.502655
807,2023-04-11,150.2292633,260.9724121
808,2023-04-12,149.9092102,262.598999
809,2023-04-13,151.9119873,264.7677307
810,2023-04-14,151.6650696,264.7677307
811,2023-04-17,151.5095978,266.7557678
812,2023-04-18,147.2479095,264.406311
813,2023-04-19,148.6379852,265.8521423
814,2023-04-20,149.5982361,266.9364929
815,2023-04-21,148.7843018,272.7197876
816,2023-04-24,149.6896667,273.2619934
817,2023-04-25,151.0614471,275.9729004
818,2023-04-26,148.7202759,267.4786682
819,2023-04-27,149.0677948,268.5630798
820,2023-04-28,149.707962,273.2619934
821,2023-05-02,150.9243164,273.6234436
822,2023-05-03,148.9488983,275.0693054
823,2023-05-04,148.272171,276.5151367
824,2023-05-05,148.7751617,278.1416626
825,2023-05-08,148.4367523,281.2140808
826,2023-05-09,147.2844696,280.671875
827,2023-05-10,147.8331909,278.1416626
828,2023-05-11,147.229599,281.9369812
829,2023-05-12,147.0375366,285.190094
830,2023-05-15,145.9126892,284.1057129
831,2023-05-16,145.7206421,281.9369812
832,2023-05-17,145.4005585,282.8406372
833,2023-05-19,145.3274078,286.2744751
834,2023-05-22,144.5441742,282.2984314
835,2023-05-23,144.4888916,283.7442932
836,2023-05-24,144.3506775,283.9250183
837,2023-05-25,142.2774658,283.0213623
838,2023-05-26,142.2222137,284.4671936
839,2023-05-30,142.2406158,281.7562561
840,2023-05-31,142.8763885,277.4187622
841,2023-06-01,142.3972321,279.5875244
842,2023-06-02,144.6363068,282.8406372
843,2023-06-05,145.880249,282.2984314
844,2023-06-06,145.751236,283.7442932
845,2023-06-07,146.0645599,281.2140808
846,2023-06-08,147.6678314,279.0453186
847,2023-06-09,147.437439,276.8765564
848,2023-06-12,147.3361053,277.4187622
849,2023-06-13,148.1100922,276.5151367
850,2023-06-14,148.8656616,267.2979126
851,2023-06-15,150.8651733,269.2859497
852,2023-06-16,151.3258667,273.2619934
853,2023-06-20,151.2337341,268.5630798
854,2023-06-21,151.0033722,263.1412048
855,2023-06-22,152.6066437,265.3099365
856,2023-06-23,152.4776306,269.1052246
857,2023-06-26,150.7730255,263.502655
858,2023-06-27,150.4597321,261.695343
859,2023-06-28,150.1556549,265.8521423
860,2023-06-29,151.2061005,264.2255554
861,2023-06-30,152.5145264,265.3099365
862,2023-07-03,150.5149994,263.6833496
863,2023-07-05,150.0174561,267.117218
864,2023-07-06,148.9025421,261.8760681
865,2023-07-07,146.7371368,256.2734985
866,2023-07-10,146.9767609,256.2734985
867,2023-07-11,146.1659088,256.4541931
868,2023-07-12,145.6590729,257.5385742
869,2023-07-13,146.3317566,258.6229553
870,2023-07-14,147.3084564,261.695343
871,2023-07-17,146.5713196,261.3338928
872,2023-07-18,146.5620728,261.8760681
873,2023-07-19,146.2672424,262.7796936
874,2023-07-20,155.1497803,265.4906311
875,2023-07-21,156.8175812,268.5630798
876,2023-07-24,157.637619,265.4906311
877,2023-07-25,158.8447418,265.8521423
878,2023-07-26,159.1487732,262.7796936
879,2023-07-27,160.0425568,263.1412048
880,2023-07-28,160.7704773,261.3338928
881,2023-07-31,154.3665771,261.1531372
882,2023-08-02,156.5595398,257.177124
883,2023-08-03,157.2322235,255.3698578
884,2023-08-04,155.7579346,254.8276672
885,2023-08-07,159.4989471,254.1047516
886,2023-08-08,159.5726166,255.5505676
887,2023-08-09,159.4712982,256.8156738
888,2023-08-10,158.6419983,259.7073364
889,2023-08-11,160.1900177,258.4422302
890,2023-08-14,159.8122406,257.3578491
891,2023-08-15,159.3515167,255.0084076
892,2023-08-16,158.8447418,253.0203552
893,2023-08-17,160.3374176,250.6709137
894,2023-08-18,158.9368744,246.3333893
895,2023-08-21,154.2007446,246.1526642
896,2023-08-22,152.9752502,245.6104889
897,2023-08-23,151.6022949,252.2974701
898,2023-08-24,152.1182861,249.4057922
899,2023-08-25,154.2993774,248.3214111
900,2023-08-28,152.4802704,247.5984955
901,2023-08-29,152.4988251,251.2130737
902,2023-08-30,151.9605255,252.4781647
903,2023-08-31,150.0578613,249.5865173
904,2023-09-01,148.9441376,251.2130737
905,2023-09-05,149.129776,247.9599457
906,2023-09-06,146.6517029,246.3333893
907,2023-09-07,148.5264893,250.3094482
908,2023-09-08,149.0184021,252.2974701
909,2023-09-11,150.9674225,251.7552643
910,2023-09-12,151.8213043,252.8396301
911,2023-09-13,152.2018433,253.3818207
912,2023-09-14,151.9698181,254.1047516
913,2023-09-15,149.8444061,253.7432861
914,2023-09-18,150.7911072,251.3938141
915,2023-09-19,150.5404968,250.6709137
916,2023-09-20,151.1994629,251.7552643
917,2023-09-21,150.0393219,244.1646729
918,2023-09-22,148.9627075,242.5380859
919,2023-09-25,148.739975,241.8151703
920,2023-09-26,147.5890961,240.1886139
921,2023-09-27,145.816391,242.1766357
922,2023-09-28,145.6029205,240.9115601
923,2023-09-29,144.5541382,243.4417419
924,2023-10-02,143.9972534,239.6464539
925,2023-10-03,144.1736298,238.9235077
926,2023-10-04,144.340683,236.2125702
927,2023-10-05,145.8442383,240.3693695
928,2023-10-06,146.3082886,242.3573761
929,2023-10-09,147.1435699,244.8875732
930,2023-10-10,146.9765167,245.2490387
931,2023-10-11,144.9532471,246.8755798
932,2023-10-12,145.0924683,246.6948547
933,2023-10-13,145.5750885,245.6104889
934,2023-10-16,146.206192,241.4537201
935,2023-10-17,144.8697205,243.2610168
936,2023-10-18,141.7512207,240.3693695
937,2023-10-19,141.370697,228.2605133
938,2023-10-20,142.0018158,228.6219635
939,2023-10-23,140.5075531,228.983429
940,2023-10-24,140.3590546,228.8027039
941,2023-10-25,140.6746521,228.983429
942,2023-10-26,138.2893829,226.0917664
943,2023-10-27,135.1337738,226.814682
944,2023-10-30,136.460968,231.332901
945,2023-10-31,137.6767883,223.3808289
946,2023-11-01,138.0016327,227.8990631
947,2023-11-02,139.4402161,229.5256195
948,2023-11-03,140.4611511,228.4412537
949,2023-11-06,140.7952423,228.8027039
950,2023-11-07,140.0527802,227.8990631
951,2023-11-08,139.5423126,229.3448944
952,2023-11-09,136.822937,229.3448944
953,2023-11-10,136.6651611,227.3568726
954,2023-11-13,137.0178528,228.8027039
955,2023-11-14,137.0457001,229.3448944
956,2023-11-15,138.1037598,227.3568726
957,2023-11-16,139.310318,227.5376129
958,2023-11-17,139.0225525,228.6219635
959,2023-11-20,140.2481384,229.3448944
960,2023-11-21,141.3801575,227.5376129
961,2023-11-22,141.0994873,225.3688507
962,2023-11-24,142.6712036,228.0797729
963,2023-11-27,141.5298462,225.7303162
964,2023-11-28,141.8572845,223.5615692
965,2023-11-29,142.3063354,225.1881409
966,2023-11-30,144.6919861,225.7303162
967,2023-12-01,148.1722412,228.6219635
968,2023-12-04,148.6400452,236.0318756
969,2023-12-05,148.3312836,241.4537201
970,2023-12-06,146.5256653,239.8271637
971,2023-12-07,145.3842773,239.1042633
972,2023-12-08,144.4674683,245.7912292
973,2023-12-11,145.0662231,245.4297791
974,2023-12-12,145.0755768,245.7912292
975,2023-12-13,145.749176,244.3453827
976,2023-12-14,146.7595673,236.3933258
977,2023-12-15,145.1597748,234.9474945
978,2023-12-18,145.4217529,236.3933258
979,2023-12-19,146.3760071,234.9474945
980,2023-12-20,143.3915863,235.6703796
981,2023-12-21,144.8603821,236.3933258
982,2023-12-22,145.4404449,234.9474945
983,2023-12-27,146.2730713,235.1282196
984,2023-12-28,146.488266,233.3209381
985,2023-12-29,146.6379547,236.2125702
986,2024-01-03,150.5953217,246.5141144
987,2024-01-04,150.2772064,247.4177551
988,2024-01-05,150.7449951,245.9719391
989,2024-01-08,151.1192169,244.8875732
990,2024-01-09,151.2127991,246.5141144
991,2024-01-10,151.4373016,247.4177551
992,2024-01-11,150.7637177,243.9839325
993,2024-01-12,151.9238129,245.7912292
994,2024-01-16,150.1743317,243.4417419
995,2024-01-17,150.0901031,240.7308197
996,2024-01-18,150.81987,239.4657135
997,2024-01-19,151.2595367,238.0198517
998,2024-01-22,151.998642,240.0079041
999,2024-01-23,149.5100555,237.2969818
1000,2024-01-24,148.7148743,237.4776764
1001,2024-01-25,149.2761993,233.5016479
1002,2024-01-26,149.2200623,238.2006073
1003,2024-01-29,149.0890808,236.0318756
1004,2024-01-30,148.5370941,236.9355164
1005,2024-01-31,148.6587219,236.5740356
1006,2024-02-01,148.1535187,223.2001038
1007,2024-02-02,146.5163269,224.1037598
1008,2024-02-05,145.7585449,220.4891663
1009,2024-02-06,147.8728638,219.946991
1010,2024-02-07,147.7980347,219.4048004
1011,2024-02-08,146.3198395,216.1516724
1012,2024-02-09,146.6566162,215.6094971
1013,2024-02-12,147.6763916,217.2360687
1014,2024-02-13,146.3853455,217.7782593
1015,2024-02-14,145.7024231,216.6938629
1016,2024-02-15,147.7418823,216.8746033
1017,2024-02-16,147.5722046,218.3204346
1018,2024-02-20,148.8070831,223.2001038
1019,2024-02-21,149.5800476,222.1157532
1020,2024-02-22,151.2485504,220.8506317
1021,2024-02-23,152.5588531,223.9230347
1022,2024-02-26,151.5690765,221.2120972
1023,2024-02-27,151.7481537,221.7542725
1024,2024-02-28,152.2854614,222.8386536
1025,2024-02-29,152.1252289,221.7542725
1026,2024-03-01,152.8227997,223.0193787
1027,2024-03-04,150.6735382,222.6579285
1028,2024-03-05,150.7960815,225.9110413
1029,2024-03-06,150.20224,226.9954224
1030,2024-03-07,149.7591705,228.2605133
1031,2024-03-08,150.3718872,228.4412537
1032,2024-03-11,151.9838257,230.9714661
1033,2024-03-12,153.4072418,233.6823883
1034,2024-03-13,151.8612671,230.0678101
1035,2024-03-14,150.0796967,230.2556152
1036,2024-03-15,149.1087341,227.8140869
1037,2024-03-18,147.7701416,227.2506409
1038,2024-03-19,147.2517242,226.8750305
1039,2024-03-20,146.8275146,228.5653229
1040,2024-03-21,146.8180847,222.9309998
1041,2024-03-22,146.3279114,222.5553894
1042,2024-03-25,146.3184814,223.8700562
1043,2024-03-26,146.8369446,225.1847382
1044,2024-03-27,148.9013672,225.3725433
1045,2024-03-28,149.1181793,228.1896973
1046,2024-04-02,148.6845245,225.3725433
1047,2024-04-03,145.4135284,224.4334869
1048,2024-04-04,143.7544708,223.1188202
1049,2024-04-05,143.6507874,217.4845123
1050,2024-04-08,142.896637,218.6113739
1051,2024-04-09,143.5565186,223.1188202
1052,2024-04-10,141.58638,225.7481537
1053,2024-04-11,140.2572479,228.3775177
1054,2024-04-12,139.0600586,227.0628357
1055,2024-04-15,139.1260376,227.8140869
1056,2024-04-16,136.1661224,223.3066406
1057,2024-04-17,136.467804,222.9309998
1058,2024-04-18,137.3821716,222.367569
1059,2024-04-19,139.4277039,223.4944458
1060,2024-04-22,140.5682831,229.3165588
1061,2024-04-23,140.983078,234.9508667
1062,2024-04-24,140.012146,224.6212921
1063,2024-04-25,138.4002075,222.367569
1064,2024-04-26,137.7591705,225.3725433
1065,2024-04-29,138.4002075,226.4993896
1066,2024-04-30,136.298111,226.1237946
1067,2024-05-02,141.3224335,219.9260406
1068,2024-05-03,140.7097015,221.2407227
1069,2024-05-06,140.0592804,222.9309998
1070,2024-05-07,140.1912384,226.6872101
1071,2024-05-08,140.4080658,228.0018921
1072,2024-05-10,141.3130035,231.7581024
1073,2024-05-13,142.5478821,234.0118256
1074,2024-05-14,142.6987,230.2556152
1075,2024-05-15,143.9147186,233.6362152
1076,2024-05-16,145.4323883,241.1486206
1077,2024-05-17,145.7717438,242.4633026
1078,2024-05-21,143.719162,243.0267181
1079,2024-05-22,145.8667755,239.8339386
1080,2024-05-23,142.2557526,239.2705078
1081,2024-05-24,139.661499,236.6411591
1082,2024-05-28,137.2003021,236.6411591
1083,2024-05-29,137.257309,236.0777435
1084,2024-05-30,138.055542,234.9508667
1085,2024-05-31,139.3764038,237.3924103
1086,2024-06-03,140.3931885,240.3973846
1087,2024-06-04,140.4502106,243.7779846
1088,2024-06-05,138.7112274,246.7829285
1089,2024-06-06,139.1388397,249.224472
1090,2024-06-07,139.766037,252.4172363
1091,2024-06-10,139.8135529,249.224472
1092,2024-06-11,139.4619293,249.6000824
1093,2024-06-12,138.1790619,252.2294312
1094,2024-06-13,138.2170868,255.2344055
1095,2024-06-14,138.3026123,256.9246826
1096,2024-06-17,138.692215,254.8587952
1097,2024-06-18,138.4071198,257.8637695
1098,2024-06-20,140.4312286,259.3662415
1099,2024-06-21,141.3529816,258.8028259
1100,2024-06-24,141.7045593,261.995575
1101,2024-06-25,139.870575,260.8686829
1102,2024-06-26,139.5189514,257.4881287
1103,2024-06-27,138.5496826,258.6149902
1104,2024-06-28,138.8917847,257.1124878
1105,2024-07-01,139.1578522,257.8637695
1106,2024-07-02,138.7682495,257.8637695
1107,2024-07-03,138.4451599,255.2344055
1108,2024-07-05,139.1958618,253.1685028
1109,2024-07-08,138.2455902,251.6660004
1110,2024-07-09,139.7375183,255.422226
1111,2024-07-10,141.9991608,259.929657
1112,2024-07-11,142.2557526,261.2443542
1113,2024-07-12,142.4268036,264.624939
1114,2024-07-15,141.818634,267.8177185
1115,2024-07-16,143.5005798,266.8786621
1116,2024-07-17,148.7936249,281.7156677
1117,2024-07-18,147.6912842,283.7816162
1118,2024-07-19,146.9976044,285.096283
1119,2024-07-22,146.5699615,285.2840881
1120,2024-07-23,144.7739563,278.8985291
1121,2024-07-24,148.5085144,278.335083
1122,2024-07-25,151.7014465,286.4109192
1123,2024-07-26,152.6517029,292.984314
1124,2024-07-29,150.6751404,290.1671448
1125,2024-07-30,153.3074036,289.6037292
1126,2024-07-31,150.0004425,290.918396
1127,2024-08-02,155.9776611,286.7865295
1128,2024-08-05,153.2313843,272.7007751
1129,2024-08-06,151.0647583,272.8885803
1130,2024-08-07,150.99823,278.8985291
1131,2024-08-08,152.2525787,279.6497498
1132,2024-08-09,152.6327057,280.5888062
1133,2024-08-12,151.9295044,280.7766418
1134,2024-08-13,150.5136108,283.4059753
1135,2024-08-14,150.5991211,283.0303345
1136,2024-08-15,151.1787872,284.5328369
1137,2024-08-16,151.4638672,284.1572266
1138,2024-08-19,151.6919556,285.2840881
1139,2024-08-20,152.1955566,286.4109192
1140,2024-08-21,153.4024353,286.5987549
1141,2024-08-22,154.2766876,286.5987549
1142,2024-08-23,155.9681702,286.4109192
1143,2024-08-26,156.4243011,287.9134216
1144,2024-08-27,156.0221405,284.7206726
1145,2024-08-28,156.9509277,285.096283
1146,2024-08-29,157.2477264,287.7256165
1147,2024-08-30,158.8084259,289.6037292
1148,2024-09-03,160.0531769,284.3450317
1149,2024-09-04,160.2446747,283.7816162
1150,2024-09-05,157.9754181,279.0863342
1151,2024-09-06,157.3913727,277.0204163
1152,2024-09-09,159.5265503,270.0714417
1153,2024-09-10,160.2638092,271.1982727
1154,2024-09-11,157.8126526,271.5739136
1155,2024-09-12,157.6403046,266.3152161
1156,2024-09-13,158.4828949,267.8177185
1157,2024-09-16,159.8904114,266.5030212
1158,2024-09-17,159.96698,268.1933289
1159,2024-09-18,159.0860901,269.3201904
1160,2024-09-19,157.8126526,268.7567749
1161,2024-09-20,157.1807251,271.0104675
1162,2024-09-23,156.2806702,269.5079956
1163,2024-09-24,155.859375,269.3201904
1164,2024-09-25,153.7720642,272.3251648
1165,2024-09-26,154.5284576,272.3251648
1166,2024-09-27,154.5380402,274.2032776
1167,2024-09-30,155.1699829,271.7617188
1168,2024-10-01,155.102951,266.1273804
1169,2024-10-02,154.3178253,265.9396057
1170,2024-10-03,153.6763306,264.8127441
1171,2024-10-04,153.475235,262.1834106
1172,2024-10-07,152.7475281,263.6858521
1173,2024-10-08,152.9007568,267.0664368
1174,2024-10-09,153.819931,270.447052
1175,2024-10-10,153.6858673,270.447052
1176,2024-10-11,154.5955048,274.0154419
1177,2024-10-14,154.7295532,276.8325806
1178,2024-10-15,157.1232758,278.335083
1179,2024-10-16,157.2956085,279.2741394
1180,2024-10-17,157.4775238,277.771637
1181,2024-10-18,158.099884,281.527832
1182,2024-10-21,155.9072723,281.7156677
1183,2024-10-22,156.500885,281.1522217
1184,2024-10-23,158.8084259,285.8475037
1185,2024-10-24,156.7115479,286.9743652
1186,2024-10-25,154.0401611,288.4768677
1187,2024-10-28,154.7295532,286.5987549
1188,2024-10-29,153.2837372,284.7206726
1189,2024-10-30,153.7816467,280.4010315
1190,2024-10-31,153.0635529,275.3301392
1191,2024-11-01,153.322052,279.6497498
1192,2024-11-04,151.5124054,278.335083
1193,2024-11-05,151.6177368,275.7057495
1194,2024-11-06,151.1677246,268.9445801
1195,2024-11-07,150.0665894,269.5079956
1196,2024-11-08,148.8601685,267.6298828
1197,2024-11-11,148.4484558,269.3201904
1198,2024-11-12,146.1504974,265.3761902
1199,2024-11-13,146.7249756,267.2542725
1200,2024-11-14,145.4132233,262.1834106
1201,2024-11-15,147.4526825,252.7928772
1202,2024-11-18,148.1899109,252.4172363
1203,2024-11-19,146.4951782,249.9757385
1204,2024-11-20,146.6005096,248.2854156
1205,2024-11-21,148.8888855,249.6000824
1206,2024-11-22,148.5729218,253.1685028
1207,2024-11-25,149.1569824,256.5490723
1208,2024-11-26,149.1376801,251.8538208
1209,2024-11-27,149.98703,251.6660004
1210,2024-11-29,149.6105957,254.2953491
1211,2024-12-02,149.4079285,254.1075592
1212,2024-12-03,147.0529327,252.6050568
1213,2024-12-04,145.2287445,251.1025543
1214,2024-12-05,144.3118744,254.8587952
1215,2024-12-06,144.1091614,256.7368774
1216,2024-12-09,144.3890686,255.797821
1217,2024-12-10,144.0319366,252.4172363
1218,2024-12-11,141.5321655,255.0466156
1219,2024-12-12,141.1461182,253.9197235
1220,2024-12-13,141.5128479,251.8538208
1221,2024-12-16,138.8393555,254.4831696
1222,2024-12-17,141.3101807,256.3612671
1223,2024-12-18,139.7079926,254.2953491
1224,2024-12-19,138.5787506,245.0926361
1225,2024-12-20,139.4377594,245.2804565
1226,2024-12-23,140.2098846,248.4732361
1227,2024-12-27,139.9975586,251.2903748
1228,2024-12-30,138.3471069,254.1075592
1229,2025-01-03,139.167511,255.797821
1230,2025-01-06,138.6559601,257.3003235
1231,2025-01-07,141.1364441,264.4371338
1232,2025-01-08,137.3143768,268.1933289
1233,2025-01-10,137.1116943,269.5079956
1234,2025-01-13,139.4377594,265.3761902
1235,2025-01-14,139.7079926,265.9396057
1236,2025-01-15,139.9203339,268.1933289
1237,2025-01-16,142.6227875,270.0714417
1238,2025-01-17,141.9085999,267.6298828
1239,2025-01-21,142.9895782,271.0104675
1240,2025-01-22,140.2098846,273.4520264
1241,2025-01-23,141.5321655,274.7666931
1242,2025-01-24,141.7059174,275.142334
1243,2025-01-27,147.5644531,279.4619751
1244,2025-01-28,145.1419067,281.7156677
1245,2025-01-29,145.8850708,281.1522217
1246,2025-01-30,147.5451508,285.4718933
1247,2025-01-31,146.850235,284.9084473
1248,2025-02-03,146.5800018,287.5378113
1249,2025-02-04,148.1435699,286.0353088
1250,2025-02-05,149.3017578,292.6086731
1251,2025-02-06,148.1628723,287.5378113
1252,2025-02-07,147.786438,289.4159241
1253,2025-02-10,148.8674469,290.918396
1254,2025-02-11,150.6916046,289.6037292
1255,2025-02-12,149.8518982,292.6086731
1256,2025-02-13,151.7725983,299.7455139
1257,2025-02-14,150.7108917,297.6795654
1258,2025-02-18,150.7887421,297.3039551
1259,2025-02-19,153.6101379,297.1161194
1260,2025-02-20,155.351593,295.8014832
1261,2025-02-21,157.900589,298.2430115
1262,2025-02-24,159.3015442,298.4307861
1263,2025-02-25,161.5878448,299.7455139
1264,2025-02-26,158.6594696,298.6186218
1265,2025-02-27,159.2918243,295.8014832
1266,2025-02-28,160.5468597,296.9283142
1267,2025-03-03,162.7455902,301.4357605
1268,2025-03-04,160.9360046,301.6235962
1269,2025-03-05,160.6441498,301.8113708
1270,2025-03-06,161.3348999,302.5626526
1271,2025-03-07,162.1715851,303.8773193
1272,2025-03-10,163.1542053,304.8163757
1273,2025-03-11,161.3640747,294.1111755
1274,2025-03-12,158.4356842,305.5675964
1275,2025-03-13,158.5718842,301.9992065
1276,2025-03-14,158.396759,304.0651245
1277,2025-03-17,158.4259491,307.4457092
1278,2025-03-18,159.7977295,306.1310425
1279,2025-03-19,158.5718842,303.1260681
1280,2025-03-20,158.6010742,302.1870117
1281,2025-03-21,159.1945343,308.1969604
1282,2025-03-24,158.8637543,302.7504272
1283,2025-03-25,156.6552734,303.501709
1284,2025-03-26,157.3362885,301.4357605
1285,2025-03-27,158.7080994,302.3072815
1286,2025-03-28,159.2723694,303.2755737
1287,2025-03-31,161.3446198,296.69104
1288,2025-04-01,149.0959167,298.2403564
1289,2025-04-02,151.1487122,293.3987732
1290,2025-04-03,155.4878235,285.4585876
1291,2025-04-04,149.0861816,268.9972839
1292,2025-04-07,146.5372009,253.6979523
1293,2025-04-08,145.9340057,256.7965698
1294,2025-04-09,146.8777008,239.3669281
1295,2025-04-10,144.6595154,249.824707
1296,2025-04-11,147.6170959,249.4373779
1297,2025-04-14,150.1758118,257.5711975
1298,2025-04-15,149.4558716,261.6381226
1299,2025-04-16,149.7380066,260.2824707
1300,2025-04-17,153.2015228,261.2507935
1301,2025-04-22,153.4739227,262.8000793
1302,2025-04-23,151.1681671,267.2543335
1303,2025-04-24,150.7303619,270.9338989
1304,2025-04-25,150.3898621,270.3529358
1305,2025-04-28,151.1389771,275.000824
1306,2025-04-29,151.6837921,278.6804199
1307,2025-04-30,152.0729523,278.4867554
1308,2025-05-02,151.8881073,282.5536499
1309,2025-05-05,150.7984619,281.9726868
1310,2025-05-06,150.2828217,280.4234009
1311,2025-05-07,153.0361176,276.3564758
1312,2025-05-08,151.4405823,269.9656067
1313,2025-05-09,150.0396118,268.6099548
1314,2025-05-12,149.9617767,268.6099548
1315,2025-05-13,144.416275,264.7367249
1316,2025-05-14,142.3926697,260.2824707
1317,2025-05-15,145.5545502,265.3177185
1318,2025-05-16,147.227951,265.7050171
1319,2025-05-19,148.3565216,268.2226563
1320,2025-05-20,149.4947968,269.9656067
1321,2025-05-21,149.0278015,272.2895813
1322,2025-05-22,148.4732513,266.6733398
1323,2025-05-23,148.7942963,268.2226563
1324,2025-05-27,150.3740845,270.3529358
1325,2025-05-28,149.5694733,268.2226563
1326,2025-05-30,152.2973175,271.127594
1327,2025-06-02,152.4837341,272.0958862
1328,2025-06-03,151.5221252,271.9022217
1329,2025-06-04,150.3446503,276.9374695
1330,2025-06-05,150.7763977,277.7120972
1331,2025-06-06,152.1206818,277.5184631
1332,2025-06-10,153.5140533,279.067749
1333,2025-06-11,152.3463593,279.2614136
1334,2025-06-12,153.7200928,281.1980286
1335,2025-06-13,154.1518402,277.3247681
1336,2025-06-16,152.3071289,271.3212585
1337,2025-06-17,149.5204163,269.7719421
1338,2025-06-18,147.9013672,266.2860107
1339,2025-06-20,146.9790192,266.8670044
1340,2025-06-23,148.4803009,268.0289612
1341,2025-06-24,149.3339844,269.1909485
1342,2025-06-25,149.422287,266.4797058
1343,2025-06-26,149.1573486,268.8036499
1344,2025-06-27,149.5498505,268.9972839
1345,2025-06-30,149.8834686,266.2860107
1346,2025-07-01,152.993988,267.0606689
1347,2025-07-02,152.6407471,267.447998
1348,2025-07-03,153.0822906,266.0923462
1349,2025-07-07,152.3561859,264.9303894
1350,2025-07-08,152.8664246,264.3493958
1351,2025-07-09,153.347229,267.2543335
1352,2025-07-10,154.7307587,269.9656067
1353,2025-07-11,153.9555969,265.1240234
1354,2025-07-14,153.8770905,265.7050171
1355,2025-07-15,152.2580566,262.0254517
1356,2025-07-16,161.6877136,262.9937744
1357,2025-07-17,159.9214783,263.9620667
1358,2025-07-18,160.6279602,264.7367249
1359,2025-07-21,161.275589,261.444458
1360,2025-07-22,164.778595,259.3141479
1361,2025-07-23,165.9266663,268.2226563
1362,2025-07-24,166.378006,271.5148926
1363,2025-07-25,165.1416626,265.7050171
1364,2025-07-28,163.1006927,267.2543335
1365,2025-07-29,164.9552307,266.4797058
1366,2025-07-30,164.12117,266.2860107
1367,2025-07-31,161.6484833,264.1557312
1368,2025-08-04,167.8302307,259.507843
1369,2025-08-05,167.5358734,260.0888367
1370,2025-08-06,167.3886719,251.9550018
1371,2025-08-07,168.3110352,252.1486511
1372,2025-08-08,170.0772705,249.6310272
1373,2025-08-11,170.558075,250.2120209
1374,2025-08-12,169.5375824,250.5993347
1375,2025-08-13,171.1468048,253.5042725
1376,2025-08-14,171.4411774,254.0852661
1377,2025-08-15,173.3251495,259.1205139
1378,2025-08-18,172.9424591,260.2824707
1379,2025-08-19,174.4633789,263.9620667
1380,2025-08-20,175.4838715,265.8987122
1381,2025-08-21,175.5721741,265.7050171
1382,2025-08-22,175.925415,264.9303894
1383,2025-08-25,175.0619354,263.381073
1384,2025-08-26,174.4491119,262.9937744
1385,2025-08-27,174.745636,266.8670044
1386,2025-08-28,173.4211273,267.2543335
1387,2025-08-29,175.1212463,265.5113831
1388,2025-09-02,176.000946,267.6416626
1389,2025-09-03,175.9416351,275.9691467
1390,2025-09-04,176.6928558,283.1346436
1391,2025-09-05,176.3666687,280.0360718
1392,2025-09-08,176.0701447,276.1628113
1393,2025-09-09,174.913681,275.9691467
1394,2025-09-10,173.7571869,271.127594
1395,2025-09-11,176.4358673,273.2578735
1396,2025-09-12,176.000946,270.9338989
1397,2025-09-15,175.3485718,265.8987122
1398,2025-09-16,174.4194641,264.5430603
1399,2025-09-17,175.1508942,265.1240234
1400,2025-09-18,172.1460571,265.1240234
1401,2025-09-19,174.1525879,267.447998
1402,2025-09-22,172.1954803,274.6135254
1403,2025-09-23,174.5380554,268.9972839
1404,2025-09-24,174.6467896,264.3493958
1405,2025-09-25,175.6747589,258.7331848
1406,2025-09-26,177.6318817,256.9902039
1407,2025-09-29,179.5197754,259.7015076
1408,2025-09-30,183.2758484,263.5747681
1409,2025-10-01,183.8985443,287.2015686
1410,2025-10-02,183.829361,289.3318481
1411,2025-10-03,186.4586029,291.4621582
1412,2025-10-06,185.9841614,293.9797668
1413,2025-10-07,186.7057037,293.2051086
1414,2025-10-08,187.49646,296.1100464
1415,2025-10-09,188.8703918,298.2403564
1416,2025-10-10,188.5145569,295.3354187
1417,2025-10-13,188.6924744,293.2051086
1418,2025-10-14,188.6430511,290.1065063
1419,2025-10-15,188.9593506,287.7825623
1420,2025-10-16,189.8983612,288.750885
1421,2025-10-17,190.9856567,286.620575
1422,2025-10-20,191.4798584,285.8459473
1423,2025-10-21,189.6611481,284.1029663
1424,2025-10-22,190.7088928,284.1029663
1425,2025-10-23,190.2443237,274.2261963
1426,2025-10-24,188.1982422,275.194519
1427,2025-10-27,188.099411,271.127594
1428,2025-10-28,184.7683868,264.9303894
1429,2025-10-29,184.4421997,264.1557312
1430,2025-10-30,186.8638763,265.7050171
1431,2025-10-31,186.6859436,263.1874084
1432,2025-11-03,184.1061249,263.381073
1433,2025-11-04,184.6991882,268.6099548
1434,2025-11-05,183.8491364,267.6416626
1435,2025-11-06,184.8079224,268.4163208
1436,2025-11-07,184.4125519,270.3529358
1437,2025-11-10,186.2312775,280.8106995
1438,2025-11-11,191.5885925,289.5255127
1439,2025-11-12,192.1421051,292.0431519
1440,2025-11-13,192.9921722,292.6241455
1441,2025-11-14,193.6643066,290.6875
1442,2025-11-17,197.27211,290.4938354
1443,2025-11-18,197.6872406,308.5044556
1444,2025-11-19,200.1682129,312.1840515
1445,2025-11-20,200.7217407,312.5713501
1446,2025-11-21,201.5421448,315.8636475
1447,2025-11-24,203.6672821,311.0220947
1448,2025-11-25,205.5771332,314.7016602
1449,2025-11-26,206.4624176,314.5079956
1450,2025-11-28,205.8258057,309.2791138
1451,2025-12-01,204.2541504,310.053772
1452,2025-12-02,204.3337402,313.3460388
1453,2025-12-03,204.2442169,313.7333374
1454,2025-12-04,201.4092865,312.5713501
1455,2025-12-05,200.8621826,311.4093933
1456,2025-12-08,200.553833,317.2192688
1457,2025-12-09,198.9026184,315.2826538
1458,2025-12-10,205.4478149,321.0925293
1459,2025-12-11,208.8994598,317.6065979
1460,2025-12-12,210.4611664,315.8636475
1461,2025-12-15,213.0374603,321.2861633
1462,2025-12-16,208.193222,318.1875916
1463,2025-12-17,209.2177734,316.8319702
1464,2025-12-18,207.2084503,319.5432129
1465,2025-12-19,205.278717,323.6101379
1466,2025-12-22,206.2236938,324.1911011
1467,2025-12-23,204.6918335,326.5150757
1468,2025-12-29,206.4624176,328.6453552
1469,2025-12-30,205.8158569,324.5784607
1470,2026-01-05,203.229599,322.6418457
1471,2026-01-06,203.7070618,326.1277466
1472,2026-01-07,206.3927917,335.0362244
1473,2026-01-08,204.6619873,335.2298889
1474,2026-01-09,203.3091888,337.7474976
1475,2026-01-12,208.6110077,338.9094849
1476,2026-01-13,212.5202179,336.9728394
1477,2026-01-14,217.3943024,342.2017517
1478,2026-01-15,218.4089203,341.4270935
1479,2026-01-16,217.5037231,345.1066895
1480,2026-01-20,217.0561066,340.6524353
1481,2026-01-21,216.8571625,341.233429
1482,2026-01-22,217.3346252,344.7193604
1483,2026-01-23,218.9758911,345.1066895
1484,2026-01-26,220.3187714,345.300354
1485,2026-01-27,223.2531586,348.0116272
1486,2026-01-28,226.5158234,335.4235535
1487,2026-01-29,226.088089,341.4270935
1488,2026-01-30,226.0482941,344.7193604
1489,2026-02-02,229.5298004,350.7229004
1490,2026-02-03,231.8673706,348.7862854
1491,2026-02-04,233.2301178,354.98349
1492,2026-02-05,236.5325623,354.5961609
1493,2026-02-06,238.720932,353.240509
1494,2026-02-09,237.378067,351.4975586
1495,2026-02-10,237.0896149,348.5926208
1496,2026-02-11,239.5863342,356.3391113
1497,2026-02-12,243.2568207,360.5996704
1498,2026-02-13,242.1626282,359.0503845
1499,2026-02-17,242.0432739,365.8285522
1500,2026-02-18,243.6945038,364.4729309
1501,2026-02-19,245.6043396,362.9236145
1502,2026-02-20,241.2077179,363.8919373
1503,2026-02-23,244.5399933,365.8285522
1504,2026-02-24,246.2799988,370.0891724
1505,2026-02-25,245.1699982,362.7299805
1506,2026-02-26,243.4700012,358.0820618
1507,2026-02-27,248.4299927,369.3144836
1508,2026-03-02,248.5599976,361.3743591
1509,2026-03-03,246.75,352.8531799
1510,2026-03-04,245.3000031,360.5996704
1511,2026-03-05,239.6300049,350.7229004
1512,2026-03-06,240.3999939,341.233429
1513,2026-03-09,242.5899963,333.2932739
1514,2026-03-10,243.7100067,335.8108521
1515,2026-03-11,242.9900055,330.0009766
1516,2026-03-12,242.0399933,327.2000122
1517,2026-03-13,241.5200043,329.3999939
1518,2026-03-16,243.1900024,332
1519,2026-03-17,238.1100006,332.3999939
1520,2026-03-18,237.2799988,321.2000122
1521,2026-03-19,237.6000061,313.6000061
1522,2026-03-20,235.3699951,309.6000061
1523,2026-03-23,235.4199982,311.3999939
1524,2026-03-24,235.2700043,315
1525,2026-03-25,239.9299927,322.3999939
1526,2026-03-26,239.2400055,321
1527,2026-03-27,240.4499969,323
1528,2026-03-30,242.4900055,324
1529,2026-03-31,244.4400024,327.2000122
1530,2026-04-01,244.1199951,329.6000061
1531,2026-04-02,243.0399933,332
1532,2026-04-07,238.4100037,320.6000061
1533,2026-04-08,241.3000031,325
1534,2026-04-09,241.3099976,327.6000061
1535,2026-04-10,238.4600067,329
1536,2026-04-13,237.9600067,327.3999939
1537,2026-04-14,240.1000061,328.2000122
1538,2026-04-15,238.6699982,328
1539,2026-04-16,234.5399933,325.7999878
1540,2026-04-17,234.1799927,332.2000122
1541,2026-04-20,230.6900024,331.7999878
1542,2026-04-21,226.1600037,327.7999878
1543,2026-04-22,226.1000061,323.6000061
1544,2026-04-23,230.6499939,333.7999878
1545,2026-04-24,227.5,331.7999878
1546,2026-04-27,225.3399963,330
1547,2026-04-28,227.7899933,328.3999939
1548,2026-04-29,227.3500061,323.7999878
1549,2026-04-30,229.8500061,326.6000061